Movie,Year
Barbie,2023
The Super Mario Bros. Movie,2023
Spider-Man: Across the Spider-Verse,2023
Guardians of the Galaxy Vol. 3,2023
Oppenheimer,2023
The Little Mermaid,2023
Ant-Man and the Wasp: Quantumania,2023
John Wick: Chapter 4,2023
Sound of Freedom,2023
Taylor Swift: The Eras Tour,2023
M3GAN,2023
The Old Way,2023
The Devil Conspiracy,2023
Plane,2023
House Party,2023
Sick,2023
The Drop,2023
Dog Gone,2023
There's Something Wrong with the Children,2023
Missing,2023
The Son,2023
When You Finish Saving the World,2023
Detective Knight: Independence,2023
Kids vs. Aliens,2023
Teen Wolf: The Movie,2023
You People,2023
Shotgun Wedding,2023
Maybe I Do,2023
Life Upside Down,2023
Fear,2023
Knock at the Cabin,2023
80 for Brady,2023
The Locksmith,2023
Baby Ruby,2023
Freedom's Path,2023
The Wedding Hustler,2023
Magic Mike's Last Dance,2023
Sharper,2023
Your Place or Mine,2023
Somebody I Used to Know,2023
Consecration,2023
The Outwaters,2023
Cocaine Bear,2023
We Have a Ghost,2023
Luther: The Fallen Sun,2023
Jesus Revolution,2023
Bruiser,2023
Linoleum,2023
God's Time,2023
Creed III,2023
Operation Fortune: Ruse de Guerre,2023
A Little White Lie,2023
Children of the Corn,2023
Palm Trees and Power Lines,2023
The Year Between,2023
Unseen,2023
Craving,2023
Scream VI,2023
65,2023
Champions,2023
Chang Can Dunk,2023
Southern Gospel,2023
Shazam! Fury of the Gods,2023
Boston Strangler,2023
The Magician's Elephant,2023
Moving On,2023
Wildflower,2023
Supercell,2023
Pinball: The Man Who Saved the Game,2023
A Good Person,2023
The Tutor,2023
Last Sentinel,2023
Adalynn,2023
Dungeons & Dragons: Honor Among Thieves,2023
Murder Mystery 2,2023
Tetris,2023
Spinning Gold,2023
Space Oddity,2023
A Thousand and One,2023
Assassin,2023
Acidman,2023
Malum,2023
Miracle at Manchester,2023
Air,2023
Praise This,2023
Showing Up,2023
Paint,2023
On a Wing and a Prayer,2023
Chupa,2023
How to Blow Up a Pipeline,2023
One True Loves,2023
Beautiful Disaster,2023
Renfield,2023
Beau Is Afraid,2023
The Pope's Exorcist,2023
Mafia Mamma,2023
Sweetwater,2023
Nefarious,2023
Rare Objects,2023
Quasi,2023
Evil Dead Rise,2023
Guy Ritchie's The Covenant,2023
Ghosted,2023
Chevalier,2023
Somewhere in Queens,2023
Carmen,2023
A Tourist's Guide to Love,2023
The Artifice Girl,2023
Peter Pan & Wendy,2023
"Are You There God? It's Me, Margaret.",2023
Big George Foreman,2023
Sisu,2023
Clock,2023
Love Again,2023
Book Club: The Next Chapter,2023
The Mother,2023
Fool's Paradise,2023
Hypnotic,2023
Crater,2023
Knights of the Zodiac,2023
Monica,2023
The Starling Girl,2023
Rally Road Racers,2023
Fast X,2023
White Men Can't Jump,2023
Master Gardener,2023
Sanctuary,2023
Robots,2023
Moon Garden,2023
About My Father,2023
Kandahar,2023
The Machine,2023
You Hurt My Feelings,2023
The Wrath of Becky,2023
Reality,2023
The Boogeyman,2023
Past Lives,2023
Shooting Stars,2023
Transformers: Rise of the Beasts,2023
Flamin' Hot,2023
Dalíland,2023
Jagged Mind,2023
The Flash,2023
Elemental,2023
Asteroid City,2023
Extraction 2,2023
The Blackening,2023
Surrounded,2023
No Hard Feelings,2023
The Perfect Find,2023
World's Best,2023
God Is a Bullet,2023
Wonderwell,2023
Indiana Jones and the Dial of Destiny,2023
"Ruby Gillman, Teenage Kraken",2023
Nimona,2023
Confidential Informant,2023
Prisoner's Daughter,2023
The Unseen,2023
Insidious: The Red Door,2023
Joy Ride,2023
The Out-Laws,2023
Earth Mama,2023
Biosphere,2023
Mission: Impossible – Dead Reckoning Part One,2023
They Cloned Tyrone,2023
Theater Camp,2023
The Beanie Bubble,2023
Cobweb,2023
Haunted Mansion,2023
Sympathy for the Devil,2023
Circus Maximus,2023
Happiness for Beginners,2023
War Pony,2023
The Unknown Country,2023
Blue Hour: The Disappearance of Nick Brandreth,2023
Teenage Mutant Ninja Turtles: Mutant Mayhem,2023
Mike & Fred vs The Dead,2023
Meg 2: The Trench,2023
Shortcomings,2023
Dreamin' Wild,2023
Corner Office,2023
What Comes Around,2023
The Passenger,2023
The Last Voyage of the Demeter,2023
Heart of Stone,2023
"Red, White & Royal Blue",2023
Jules,2023
Inside Man,2023
Blue Beetle,2023
Strays,2023
The Monkey King,2023
Landscape with Invisible Hand,2023
Back on the Strip,2023
The Adults,2023
Gran Turismo,2023
Retribution,2023
Vacation Friends 2,2023
You Are So Not Invited to My Bat Mitzvah,2023
Bottoms,2023
Golda,2023
The Hill,2023
The Equalizer 3,2023
The Good Mother,2023
All Fun and Games,2023
Yoshiki: Under the Sky,2023
The Nun II,2023
My Big Fat Greek Wedding 3,2023
Sitting in Bars with Cake,2023
Aristotle and Dante Discover the Secrets of the Universe,2023
After Everything,2023
A Haunting in Venice,2023
Dumb Money,2023
Love at First Sight,2023
A Million Miles Away,2023
The Retirement Plan,2023
Outlaw Johnny Black,2023
Camp Hideout,2023
Expend4bles,2023
Spy Kids: Armageddon,2023
Reptile,2023
Cassandro,2023
Flora and Son,2023
No One Will Save You,2023
It Lives Inside,2023
Everybody Dies by the End,2023
The Kill Room,2023
The Creator,2023
Saw X,2023
Fair Play,2023
Heist 88,2023
The Re-Education of Molly Singer,2023
Deliver Us,2023
Oracle,2023
Appendage,2023
The Exorcist: Believer,2023
Pet Sematary: Bloodlines,2023
Totally Killer,2023
V/H/S/85,2023
The Caine Mutiny Court-Martial,2023
Dicks: The Musical,2023
Foe,2023
She Came to Me,2023
The Burial,2023
Desperation Road,2023
Miranda's Victim,2023
Cat Person,2023
The Mill,2023
Down Low,2023
Dark Harvest,2023
Dear David,2023
Divinity,2023
In the Fire,2023
Killers of the Flower Moon,2023
Pain Hustlers,2023
Nyad,2023
Old Dads,2023
Butcher's Crossing,2023
The Other Zoey,2023
Sick Girl,2023
The Persian Version,2023
Five Nights at Freddy's,2023
Freelance,2023
The Killer,2023
Under the Boardwalk,2023
Priscilla,2023
The Holdovers,2023
Fingernails,2023
Suitable Flesh,2023
Sight,2023
Hell House LLC Origins: The Carmichael Manor,2023
Quiz Lady,2023
Rustin,2023
The Marsh King's Daughter,2023
What Happens Later,2023
All Dirt Roads Taste of Salt,2023
Helen's Dead,2023
At the Gates,2023
Rumble Through the Dark,2023
The Marvels,2023
Dream Scenario,2023
Journey to Bethlehem,2023
Your Lucky Day,2023
It's a Wonderful Knife,2023
Manodrome,2023
The Master Chief: Part One,2023
Best. Christmas. Ever!,2023
The Hunger Games: The Ballad of Songbirds & Snakes,2023
Trolls Band Together,2023
Thanksgiving,2023
Next Goal Wins,2023
Saltburn,2023
May December,2023
Dashing Through the Snow,2023
Please Don't Destroy: The Treasure of Foggy Mountain,2023
Leo,2023
Wish,2023
Napoleon,2023
Maestro,2023
Leave the World Behind,2023
Good Burger 2,2023
Genie,2023
Family Switch,2023
Renaissance: A Film by Beyoncé,2023
Silent Night,2023
Candy Cane Lane,2023
Eileen,2023
The Shift,2023
Holiday Twist,2023
Abigail,2023
Waitress,2023
Poor Things,2023
Origin,2023
Diary of a Wimpy Kid Christmas: Cabin Fever,2023
The Cello,2023
The Oath,2023
Craig Before the Creek,2023
Wonka,2023
Chicken Run: Dawn of the Nugget,2023
Rebel Moon,2023
American Fiction,2023
The Family Plan,2023
Finestkind,2023
The Zone of Interest,2023
City of Love,2023
Aquaman and the Lost Kingdom,2023
Migration,2023
Anyone but You,2023
The Iron Claw,2023
Freud's Last Session,2023
Memory,2023
The Color Purple,2023
The Boys in the Boat,2023
Ferrari,2023
Good Grief,2023
Barbie,2023
The Super Mario Bros. Movie,2023
Spider-Man: Across the Spider-Verse,2023
Guardians of the Galaxy Vol. 3,2023
Oppenheimer,2023
The Little Mermaid,2023
Ant-Man and the Wasp: Quantumania,2023
John Wick: Chapter 4,2023
Sound of Freedom,2023
Taylor Swift: The Eras Tour,2023
M3GAN,2023
The Old Way,2023
The Devil Conspiracy,2023
Plane,2023
House Party,2023
Sick,2023
The Drop,2023
Dog Gone,2023
There's Something Wrong with the Children,2023
Missing,2023
The Son,2023
When You Finish Saving the World,2023
Detective Knight: Independence,2023
Kids vs. Aliens,2023
Teen Wolf: The Movie,2023
You People,2023
Shotgun Wedding,2023
Maybe I Do,2023
Life Upside Down,2023
Fear,2023
Knock at the Cabin,2023
80 for Brady,2023
The Locksmith,2023
Baby Ruby,2023
Freedom's Path,2023
The Wedding Hustler,2023
Magic Mike's Last Dance,2023
Sharper,2023
Your Place or Mine,2023
Somebody I Used to Know,2023
Consecration,2023
The Outwaters,2023
Cocaine Bear,2023
We Have a Ghost,2023
Luther: The Fallen Sun,2023
Jesus Revolution,2023
Bruiser,2023
Linoleum,2023
God's Time,2023
Creed III,2023
Operation Fortune: Ruse de Guerre,2023
A Little White Lie,2023
Children of the Corn,2023
Palm Trees and Power Lines,2023
The Year Between,2023
Unseen,2023
Craving,2023
Scream VI,2023
65,2023
Champions,2023
Chang Can Dunk,2023
Southern Gospel,2023
Shazam! Fury of the Gods,2023
Boston Strangler,2023
The Magician's Elephant,2023
Moving On,2023
Wildflower,2023
Supercell,2023
Pinball: The Man Who Saved the Game,2023
A Good Person,2023
The Tutor,2023
Last Sentinel,2023
Adalynn,2023
Dungeons & Dragons: Honor Among Thieves,2023
Murder Mystery 2,2023
Tetris,2023
Spinning Gold,2023
Space Oddity,2023
A Thousand and One,2023
Assassin,2023
Acidman,2023
Malum,2023
Miracle at Manchester,2023
Air,2023
Praise This,2023
Showing Up,2023
Paint,2023
On a Wing and a Prayer,2023
Chupa,2023
How to Blow Up a Pipeline,2023
One True Loves,2023
Beautiful Disaster,2023
Renfield,2023
Beau Is Afraid,2023
The Pope's Exorcist,2023
Mafia Mamma,2023
Sweetwater,2023
Nefarious,2023
Rare Objects,2023
Quasi,2023
Evil Dead Rise,2023
Guy Ritchie's The Covenant,2023
Ghosted,2023
Chevalier,2023
Somewhere in Queens,2023
Carmen,2023
A Tourist's Guide to Love,2023
The Artifice Girl,2023
Peter Pan & Wendy,2023
"Are You There God? It's Me, Margaret.",2023
Big George Foreman,2023
Sisu,2023
Clock,2023
Love Again,2023
Book Club: The Next Chapter,2023
The Mother,2023
Fool's Paradise,2023
Hypnotic,2023
Crater,2023
Knights of the Zodiac,2023
Monica,2023
The Starling Girl,2023
Rally Road Racers,2023
Fast X,2023
White Men Can't Jump,2023
Master Gardener,2023
Sanctuary,2023
Robots,2023
Moon Garden,2023
About My Father,2023
Kandahar,2023
The Machine,2023
You Hurt My Feelings,2023
The Wrath of Becky,2023
Reality,2023
The Boogeyman,2023
Past Lives,2023
Shooting Stars,2023
Transformers: Rise of the Beasts,2023
Flamin' Hot,2023
Dalíland,2023
Jagged Mind,2023
The Flash,2023
Elemental,2023
Asteroid City,2023
Extraction 2,2023
The Blackening,2023
Surrounded,2023
No Hard Feelings,2023
The Perfect Find,2023
World's Best,2023
God Is a Bullet,2023
Wonderwell,2023
Indiana Jones and the Dial of Destiny,2023
"Ruby Gillman, Teenage Kraken",2023
Nimona,2023
Confidential Informant,2023
Prisoner's Daughter,2023
The Unseen,2023
Insidious: The Red Door,2023
Joy Ride,2023
The Out-Laws,2023
Earth Mama,2023
Biosphere,2023
Mission: Impossible – Dead Reckoning Part One,2023
They Cloned Tyrone,2023
Theater Camp,2023
The Beanie Bubble,2023
Cobweb,2023
Haunted Mansion,2023
Sympathy for the Devil,2023
Circus Maximus,2023
Happiness for Beginners,2023
War Pony,2023
The Unknown Country,2023
Blue Hour: The Disappearance of Nick Brandreth,2023
Teenage Mutant Ninja Turtles: Mutant Mayhem,2023
Mike & Fred vs The Dead,2023
Meg 2: The Trench,2023
Shortcomings,2023
Dreamin' Wild,2023
Corner Office,2023
What Comes Around,2023
The Passenger,2023
The Last Voyage of the Demeter,2023
Heart of Stone,2023
"Red, White & Royal Blue",2023
Jules,2023
Inside Man,2023
Blue Beetle,2023
Strays,2023
The Monkey King,2023
Landscape with Invisible Hand,2023
Back on the Strip,2023
The Adults,2023
Gran Turismo,2023
Retribution,2023
Vacation Friends 2,2023
You Are So Not Invited to My Bat Mitzvah,2023
Bottoms,2023
Golda,2023
The Hill,2023
The Equalizer 3,2023
The Good Mother,2023
All Fun and Games,2023
Yoshiki: Under the Sky,2023
The Nun II,2023
My Big Fat Greek Wedding 3,2023
Sitting in Bars with Cake,2023
Aristotle and Dante Discover the Secrets of the Universe,2023
After Everything,2023
A Haunting in Venice,2023
Dumb Money,2023
Love at First Sight,2023
A Million Miles Away,2023
The Retirement Plan,2023
Outlaw Johnny Black,2023
Camp Hideout,2023
Expend4bles,2023
Spy Kids: Armageddon,2023
Reptile,2023
Cassandro,2023
Flora and Son,2023
No One Will Save You,2023
It Lives Inside,2023
Everybody Dies by the End,2023
The Kill Room,2023
The Creator,2023
Saw X,2023
Fair Play,2023
Heist 88,2023
The Re-Education of Molly Singer,2023
Deliver Us,2023
Oracle,2023
Appendage,2023
The Exorcist: Believer,2023
Pet Sematary: Bloodlines,2023
Totally Killer,2023
V/H/S/85,2023
The Caine Mutiny Court-Martial,2023
Dicks: The Musical,2023
Foe,2023
She Came to Me,2023
The Burial,2023
Desperation Road,2023
Miranda's Victim,2023
Cat Person,2023
The Mill,2023
Down Low,2023
Dark Harvest,2023
Dear David,2023
Divinity,2023
In the Fire,2023
Killers of the Flower Moon,2023
Pain Hustlers,2023
Nyad,2023
Old Dads,2023
Butcher's Crossing,2023
The Other Zoey,2023
Sick Girl,2023
The Persian Version,2023
Five Nights at Freddy's,2023
Freelance,2023
The Killer,2023
Under the Boardwalk,2023
Priscilla,2023
The Holdovers,2023
Fingernails,2023
Suitable Flesh,2023
Sight,2023
Hell House LLC Origins: The Carmichael Manor,2023
Quiz Lady,2023
Rustin,2023
The Marsh King's Daughter,2023
What Happens Later,2023
All Dirt Roads Taste of Salt,2023
Helen's Dead,2023
At the Gates,2023
Rumble Through the Dark,2023
The Marvels,2023
Dream Scenario,2023
Journey to Bethlehem,2023
Your Lucky Day,2023
It's a Wonderful Knife,2023
Manodrome,2023
The Master Chief: Part One,2023
Best. Christmas. Ever!,2023
The Hunger Games: The Ballad of Songbirds & Snakes,2023
Trolls Band Together,2023
Thanksgiving,2023
Next Goal Wins,2023
Saltburn,2023
May December,2023
Dashing Through the Snow,2023
Please Don't Destroy: The Treasure of Foggy Mountain,2023
Leo,2023
Wish,2023
Napoleon,2023
Maestro,2023
Leave the World Behind,2023
Good Burger 2,2023
Genie,2023
Family Switch,2023
Renaissance: A Film by Beyoncé,2023
Silent Night,2023
Candy Cane Lane,2023
Eileen,2023
The Shift,2023
Holiday Twist,2023
Abigail,2023
Waitress,2023
Poor Things,2023
Origin,2023
Diary of a Wimpy Kid Christmas: Cabin Fever,2023
The Cello,2023
The Oath,2023
Craig Before the Creek,2023
Wonka,2023
Chicken Run: Dawn of the Nugget,2023
Rebel Moon,2023
American Fiction,2023
The Family Plan,2023
Finestkind,2023
The Zone of Interest,2023
City of Love,2023
Aquaman and the Lost Kingdom,2023
Migration,2023
Anyone but You,2023
The Iron Claw,2023
Freud's Last Session,2023
Memory,2023
The Color Purple,2023
The Boys in the Boat,2023
Ferrari,2023
Good Grief,2023
